1;1;2;10;0;0,2;0;0;2;0
2;6;2;10;0;0;0;0;2;1
3;6;2;10;0;0;1;1;3;1
4;6;2;10;0;0;2;2;1;1
5;6;2;10;0;0;3;3;1;0
6;6;2;10;0;0;4;3;1;1
10;6;2;10;0;0;5;4;1;1
14;6;9;30;1;0,2;0;0;1;1
15;6;9;30;1;0,2;1;1;2;1
16;6;9;30;1;0,2;2;2;3;1
17;6;2;10;0;0;6;5;1;0
18;6;9;30;1;0,2;3;3;2;1
19;6;11;45;0;0;0;0;3;0
1024;7;4;45;0,5;0,2;0;0;1;0
1027;7;16;30;1;0,55;0;0;2;1
1028;7;18;5;0;0;0;0;1;1
1029;7;18;5;0;0;1;1;2;1
1030;7;18;5;0;0;2;2;3;0
1032;7;16;30;1;1;1;1;2;1
1033;7;16;30;1;1;2;2;3;1
1034;7;16;30;1;1;3;3;1;1
1035;7;16;30;1;1;4;4;3;1
1036;7;16;30;1;1;5;5;2;1
1037;7;16;30;1;1;6;6;1;1
1038;7;16;30;1;1;7;7;2;1
1039;1012;52;1;0;0;0;0;1;1
1040;1012;10;45;0;0;0;0;2;1
1041;1012;34;40;0;0;0;0;3;1
1042;1013;45;4;0;0;0;0;1;1
1043;1013;35;45;0;0;0;0;2;1
1044;1013;25;45;0;0;0;0;3;1
1045;1014;2;10;0;0;0;0;1;1
1046;1014;25;45;0;0;0;0;2;1
1047;1014;21;60;0;0;0;0;3;1
1048;1012;49;10;0;0;0;0;1;0
1049;1012;16;30;0;0;0;0;2;1
1050;1012;40;15;0;0;0;0;3;0
1051;1013;42;5;0;0;0;0;1;1
1052;1013;4;45;0;0;0;0;2;0
1053;1013;33;120;0;0;0;0;3;1
1054;1014;47;1;0;0;0;0;1;1
1055;1014;9;30;0;0;0;0;2;0
1056;1014;24;120;0;0;0;0;3;1
1057;1012;2;10;0;0;0;0;1;1
1058;1012;28;40;0;0;0;0;2;1
1059;1012;39;30;0;0;0;0;3;0
1060;1013;52;1;0;0;0;0;1;0
1061;1013;34;40;0;0;0;0;2;0
1062;1013;11;45;0;0;0;0;3;1
1063;1014;46;5;0;0;0;0;1;1
1064;1014;32;120;0;0;0;0;2;0
1065;1014;20;30;0;0;0;0;3;1
1066;1012;44;1;0;0;0;0;1;1
1067;1012;30;40;0;0;0;0;2;0
1068;1012;37;35;0;0;0;0;3;0
1069;1013;42;5;0;0;1;1;1;1
1070;1013;41;40;0;0;0;0;2;0
1071;1013;32;120;0;0;0;0;3;1
1072;1014;53;3;0;0;0;0;1;0
1073;1014;23;75;0;0;0;0;2;0
1074;1014;39;30;0;0;0;0;3;0
1075;1012;52;1;0;0;1;1;1;1
1076;1012;29;35;0;0;0;0;2;0
1077;1012;9;30;0;0;0;0;3;1
1078;1013;48;5;0;0;0;0;1;0
1079;1013;38;30;0;0;0;0;2;1
1080;1013;5;60;0;0;0;0;3;1
1081;1014;54;4;0;0;0;0;1;1
1082;1014;37;35;0;0;0;0;2;1
1083;1014;36;20;0;0;0;0;3;0
1084;1012;54;4;0;0;0;0;1;1
1085;1012;28;40;0;0;1;1;2;1
1086;1012;31;50;0;0;0;0;3;1
1087;1013;52;1;0;0;0;0;1;1
1088;1013;35;45;0;0;1;1;2;1
1089;1013;33;120;0;0;1;1;3;1
1090;1014;49;10;0;0;0;0;1;1
1091;1014;9;30;0;0;0;0;2;1
1092;1014;38;30;0;0;0;0;3;1
1093;1012;48;5;0;0;0;0;1;1
1094;1012;3;35;0;0;0;0;2;1
1095;1012;25;45;0;0;0;0;3;1
1096;1013;50;5;0;0;0;0;1;1
1097;1013;31;50;0;0;0;0;2;0
1098;1013;28;40;0;0;0;0;3;0
1099;1014;42;5;0;0;0;0;1;1
1100;1014;19;45;0;0;0;0;2;1
1101;1014;3;35;0;0;0;0;3;0
1102;1012;42;5;0;0;0;0;1;1
1103;1012;29;35;0;0;0;0;2;1
1104;1012;24;120;0;0;0;0;3;0
1105;1013;2;10;0;0;0;0;1;1
1106;1013;37;35;0;0;0;0;2;1
1107;1013;38;30;0;0;1;1;3;1
1108;1014;55;1;0;0;0;0;1;1
1109;1014;28;40;0;0;0;0;2;1
1110;1014;40;15;0;0;0;0;3;0
1111;1012;52;1;0;0;2;2;1;1
1112;1012;21;60;0;0;0;0;2;0
1113;1012;37;35;0;0;0;0;3;1
1114;1013;45;4;0;0;1;1;1;1
1115;1013;22;80;0;0;0;0;2;0
1116;1013;5;60;0;0;1;1;3;0
1117;1014;51;5;0;0;0;0;1;0
1118;1014;21;60;0;0;1;1;2;0
1119;1014;41;40;0;0;0;0;3;1
1120;1012;55;1;0;0;0;0;1;1
1121;1012;4;45;0;0;0;0;2;0
1122;1012;23;75;0;0;0;0;3;0
1123;1013;43;10;0;0;0;0;1;0
1124;1013;31;50;0;0;0;0;2;1
1125;1013;34;40;0;0;1;0;3;1
1126;1014;2;10;0;0;1;1;1;0
1127;1014;7;45;0;0;0;0;2;0
1128;1014;24;120;0;0;1;1;3;1
1129;1012;47;1;0;0;0;0;1;1
1130;1012;27;100;0;0;0;0;2;1
1131;1012;10;45;0;0;1;1;3;0
1132;1013;51;5;0;0;0;0;1;1
1133;1013;33;120;0;0;2;2;2;1
1134;1013;4;45;0;0;0;0;3;1
1135;1014;52;1;0;0;0;0;1;1
1136;1014;37;35;0;0;1;1;2;1
1137;1014;26;30;0;0;0;0;3;0
1138;1012;54;4;0;0;1;1;1;0
1139;1012;38;30;0;0;0;0;2;0
1140;1012;29;35;0;0;1;1;3;1
1141;1013;54;4;0;0;0;0;1;1
1142;1013;22;80;0;0;0;0;2;1
1143;1013;37;35;0;0;1;1;3;1
1144;1014;55;1;0;0;1;1;1;1
1145;1014;20;30;0;0;1;1;2;0
1146;1014;5;60;0;0;0;0;3;0
1147;1012;48;5;0;0;1;1;1;1
1148;1012;7;45;0;0;0;0;2;1
1149;1012;28;40;0;0;2;2;3;1
1150;1013;47;1;0;0;0;0;1;1
1151;1013;16;30;0;0;0;0;2;1
1152;1013;35;45;0;0;2;2;3;0
1153;1014;50;5;0;0;0;0;1;0
1154;1014;31;50;0;0;0;0;2;0
1155;1014;4;45;0;0;0;0;3;0
1156;1012;43;10;0;0;0;0;1;1
1157;1012;11;45;0;0;0;0;2;1
1158;1012;3;35;0;0;1;1;3;0
1159;1013;2;10;0;0;1;1;1;1
1160;1013;32;120;0;0;1;1;2;1
1161;1013;34;40;0;0;2;1;3;1
1162;1014;49;10;0;0;1;1;1;1
1163;1014;26;30;0;0;0;0;2;1
1164;1014;23;75;0;0;1;0;3;1
1165;1012;55;1;0;0;1;1;1;0
1166;1012;10;45;0;0;2;1;2;1
1167;1012;29;35;0;0;2;2;3;1
1168;1013;49;10;0;0;0;0;1;1
1169;1013;36;20;0;0;0;0;2;1
1170;1013;10;45;0;0;0;0;3;0
1171;1014;54;4;0;0;1;1;1;0
1172;1014;32;120;0;0;0;0;2;0
1173;1014;3;35;0;0;0;0;3;0
1174;1012;54;4;0;0;1;1;1;1
1175;1012;27;100;0;0;1;1;2;1
1176;1012;22;80;0;0;0;0;3;0
1177;1013;51;5;0;0;1;1;1;0
1178;1013;31;50;0;0;1;1;2;0
1179;1013;35;45;0;0;3;2;3;1
1180;1014;53;3;0;0;0;0;1;1
1181;1014;19;45;0;0;1;1;2;1
1182;1014;24;120;0;0;2;2;3;1
1183;1012;2;10;0;0;1;1;1;1
1184;1012;7;45;0;0;1;1;2;1
1185;1012;39;30;0;0;1;0;3;0
1186;1013;53;3;0;0;0;0;1;1
1187;1013;33;120;0;0;3;3;2;1
1188;1013;37;35;0;0;2;2;3;1
1189;1014;2;10;0;0;1;1;1;1
1190;1014;21;60;0;0;2;1;2;1
1191;1014;25;45;0;0;1;1;3;1
1192;1012;49;10;0;0;1;0;1;0
1193;1012;9;30;0;0;1;1;2;0
1194;1012;16;30;0;0;1;1;3;1
1195;1013;55;1;0;0;0;0;1;1
1196;1013;32;120;0;0;2;2;2;1
1197;1013;36;20;0;0;1;1;3;1
1198;1014;43;10;0;0;0;0;1;1
1199;1014;26;30;0;0;1;1;2;1
1200;1014;5;60;0;0;0;0;3;1
1201;1012;55;1;0;0;1;1;1;1
1202;1012;27;100;0;0;2;2;2;1
1203;1012;36;20;0;0;0;0;3;1
1204;1013;2;10;0;0;2;2;1;1
1205;1013;31;50;0;0;1;1;2;0
1206;1013;35;45;0;0;4;3;3;0
1207;1014;46;5;0;0;1;1;1;1
1208;1014;10;45;0;0;0;0;2;0
1209;1014;40;15;0;0;0;0;3;0
1210;1012;53;3;0;0;0;0;1;1
1211;1012;30;40;0;0;1;0;2;0
1212;1012;7;45;0;0;2;2;3;1
1213;1013;47;1;0;0;1;1;1;1
1214;1013;22;80;0;0;1;1;2;0
1215;1013;5;60;0;0;1;1;3;0
1216;1014;51;5;0;0;0;0;1;1
1217;1014;39;30;0;0;0;0;2;1
1218;1014;9;30;0;0;1;1;3;1
1219;1012;51;5;0;0;0;0;1;1
1220;1012;28;40;0;0;3;3;2;1
1221;1012;21;60;0;0;0;0;3;0
1222;1013;53;3;0;0;1;1;1;0
1223;1013;33;120;0;0;4;4;2;1
1224;1013;34;40;0;0;3;2;3;1
1225;1014;53;3;0;0;1;1;1;1
1226;1014;20;30;0;0;1;1;2;1
1227;1014;23;75;0;0;2;1;3;1
1228;1012;53;3;0;0;1;1;1;1
1229;1012;11;45;0;0;1;1;2;1
1230;1012;27;100;0;0;3;3;3;0
1231;1013;2;10;0;0;3;3;1;1
1232;1013;35;45;0;0;5;3;2;0
1233;1013;31;50;0;0;2;1;3;1
1234;1014;45;4;0;0;0;0;1;1
1235;1014;7;45;0;0;0;0;2;1
1236;1014;26;30;0;0;2;2;3;1
1237;1012;43;10;0;0;1;1;1;0
1238;1012;7;45;0;0;3;3;2;1
1239;1012;29;35;0;0;3;3;3;1
1240;1013;48;5;0;0;0;0;1;1
1241;1013;30;40;0;0;0;0;2;0
1242;1013;32;120;0;0;3;3;3;1
1243;1014;52;1;0;0;1;1;1;1
1244;1014;22;80;0;0;0;0;2;1
1245;1014;5;60;0;0;1;1;3;0
1246;1012;52;1;0;0;3;3;1;0
1247;1012;16;30;0;0;2;2;2;1
1248;1012;10;45;0;0;3;2;3;1
1249;1013;49;10;0;0;1;1;1;1
1250;1013;33;120;0;0;5;5;2;1
1251;1013;37;35;0;0;3;3;3;0
1252;1014;54;4;0;0;1;1;1;1
1253;1014;31;50;0;0;1;0;2;1
1254;1014;20;30;0;0;2;2;3;1
1255;1012;54;4;0;0;2;2;1;1
1256;1012;3;35;0;0;1;1;2;1
1257;1012;28;40;0;0;4;4;3;1
1258;1013;43;10;0;0;0;0;1;1
1259;1013;16;30;0;0;1;1;2;1
1260;1013;36;20;0;0;2;2;3;1
1261;1014;53;3;0;0;2;2;1;1
1262;1014;25;45;0;0;2;2;2;1
1263;1014;38;30;0;0;1;1;3;1
1264;1012;49;10;0;0;1;0;1;0
1265;1012;11;45;0;0;2;2;2;1
1266;1012;27;100;0;0;3;3;3;1
1267;1013;49;10;0;0;2;2;1;0
1268;1013;32;120;0;0;4;4;2;1
1269;1013;9;30;0;0;0;0;3;0
1270;1014;42;5;0;0;1;1;1;1
1271;1014;19;45;0;0;2;2;2;1
1272;1014;24;120;0;0;3;3;3;1
1273;1012;46;5;0;0;0;0;1;1
1274;1012;29;35;0;0;4;4;2;1
1275;1012;7;45;0;0;4;4;3;1
1276;1013;55;1;0;0;1;1;1;0
1277;1013;30;40;0;0;1;0;2;1
1278;1013;3;35;0;0;0;0;3;1
1279;1014;50;5;0;0;1;0;1;1
1280;1014;26;30;0;0;3;3;2;1
1281;1014;39;30;0;0;1;1;3;0
1282;1012;49;10;0;0;1;0;1;1
1283;1012;10;45;0;0;4;3;2;1
1284;1012;16;30;0;0;3;3;3;0
1285;1013;49;10;0;0;2;2;1;1
1286;1013;35;45;0;0;5;3;2;1
1287;1013;36;20;0;0;3;3;3;1
1288;1014;54;4;0;0;2;2;1;1
1289;1014;25;45;0;0;3;3;2;0
1290;1014;35;45;0;0;0;0;3;0
1291;1012;44;1;0;0;1;1;1;1
1292;1012;41;40;0;0;0;0;2;1
1293;1012;27;100;0;0;4;4;3;1
1294;1013;44;1;0;0;0;0;1;1
1295;1013;33;120;0;0;6;6;2;1
1296;1013;34;40;0;0;4;3;3;0
1297;1014;52;1;0;0;2;2;1;1
1298;1014;38;30;0;0;2;2;2;1
1299;1014;41;40;0;0;1;1;3;0
1300;1012;49;10;0;0;2;1;1;0
1301;1012;35;45;0;0;0;0;2;1
1302;1012;7;45;0;0;5;5;3;1
1303;1013;48;5;0;0;1;1;1;1
1304;1013;32;120;0;0;5;5;2;1
1305;1013;37;35;0;0;3;3;3;1
1306;1014;51;5;0;0;1;1;1;1
1307;1014;20;30;0;0;3;3;2;1
1308;1014;40;15;0;0;1;0;3;1
